{
  "mean": [
    94871.39016,
    0.02542311446400805,
    0.006405088512846919,
    -0.0006574594417385208,
    -0.0016659465361052528,
    -0.0018790737748765496,
    -0.005133878998476853,
    0.011829575704999222,
    0.004921947056758184,
    -0.00034569625918946345,
    0.0051617272863858305,
    0.0013128045810283128,
    0.008673399535328792,
    -0.006438478112398168,
    -0.002730690347735145,
    -0.00519573175579678,
    -0.00253243435806641,
    0.007030603456686323,
    0.0023719270722166812,
    0.004387545341546504,
    -0.001019839941559065,
    0.0008437814210805459,
    -0.0016849407613810726,
    0.0033768638588446784,
    0.0016145665683707944,
    -0.0014407029584779956,
    -0.006396213099200189,
    0.0002506177565234884,
    -0.0005161124747834174,
    87.84929480000001
  ],
  "std": [
    47506.30924223867,
    1.891158153690173,
    1.5961597480929801,
    1.4764120467323567,
    1.403841495638999,
    1.3436062578131707,
    1.3156061427712185,
    1.1840409395542757,
    1.0940438595225939,
    1.0969964102337573,
    1.075834814367767,
    1.014926077903745,
    0.9750324714739969,
    0.9878848833768277,
    0.9401286995195165,
    0.9185453232191744,
    0.8558539684484349,
    0.7967382980386196,
    0.8333129414614999,
    0.8115271766945623,
    0.7334256473162137,
    0.6830308954514596,
    0.7191235761318927,
    0.5982589508003772,
    0.6036369708510593,
    0.5176481536002048,
    0.47774683650728933,
    0.3905354809782184,
    0.28655763466609413,
    244.3536943796877
  ],
  "sample_size": 50000,
  "features": [
    "Time",
    "V1",
    "V2",
    "V3",
    "V4",
    "V5",
    "V6",
    "V7",
    "V8",
    "V9",
    "V10",
    "V11",
    "V12",
    "V13",
    "V14",
    "V15",
    "V16",
    "V17",
    "V18",
    "V19",
    "V20",
    "V21",
    "V22",
    "V23",
    "V24",
    "V25",
    "V26",
    "V27",
    "V28",
    "Amount"
  ]
}