{
  "LSTM": {
    "roc_auc": 0.9633842984032062,
    "precision": 0.8080808080808081,
    "recall": 0.8163265306122449,
    "f1": 0.8121827411167513,
    "threshold": 0.9990288615226746
  },
  "Autoencoder": {
    "roc_auc": 0.9319988687652889,
    "precision": 0.152317880794702,
    "recall": 0.46938775510204084,
    "f1": 0.23,
    "threshold": 0.7585542798042297
  },
  "Neural Network": {
    "roc_auc": 0.975091841041425,
    "precision": 0.7961165048543689,
    "recall": 0.8367346938775511,
    "f1": 0.8159203980099502,
    "threshold": 0.9980928301811218
  },
  "Stacking Ensemble": {
    "roc_auc": 0.97935388983956,
    "precision": 0.8369565217391305,
    "recall": 0.7857142857142857,
    "f1": 0.8105263157894737,
    "threshold": 0.9992489194719133
  }
}