{
  "online_learning": {
    "status": "updated",
    "updates": 1
  },
  "transfer_learning": {
    "metrics": {
      "roc_auc": 0.9714417966820943,
      "precision": 0.9629629629629629,
      "recall": 0.7959183673469388,
      "f1": 0.8715083798882681,
      "threshold": 0.9718889594078064,
      "source_domains": [
        "insurance",
        "telecom"
      ],
      "transfer_efficiency": 0.905
    },
    "model_type": "transfer_xgb"
  },
  "bayesian_optimization": {
    "best_params": {
      "n_estimators": 100,
      "max_depth": 6,
      "learning_rate": 0.1
    },
    "best_score": 0.5,
    "method": "grid_search"
  },
  "cross_domain_validation": {
    "domain_results": {
      "credit_card": {
        "roc_auc": 0.9670173469387755,
        "precision": 0.9625,
        "recall": 0.7857142857142857,
        "f1": 0.8651685393258427,
        "threshold": 0.8602126836776733
      }
    },
    "summary": {
      "mean_roc_auc": 0.9670173469387755,
      "std_roc_auc": 0.0,
      "min_roc_auc": 0.9670173469387755,
      "max_roc_auc": 0.9670173469387755,
      "n_domains": 1
    }
  }
}